,created_at,author_id,text,lang,entities,username,public_metrics,verified,url,followers_count,following_count,tweet_count
0,2022-11-02 03:04:48+00:00,1587641851133272070,Who misses #crypto 2017?,en,,AmoilsNisa,"{'followers_count': 4896, 'following_count': 1020, 'tweet_count': 11838, 'listed_count': 269}",True,https://twitter.com/AmoilsNisa/status/1587641851133272070,4896,1020,11838
1,2022-11-02 03:04:48+00:00,1587641850474926080,"RT @ScottLEOWarrior: @elonmusk Legend! 

Can we pay in crypto? üëÄ",en,"{'mentions': [{'start': 3, 'end': 19, 'username': 'ScottLEOWarrior', 'id': '2228960582'}, {'start': 21, 'end': 30, 'username': 'elonmusk', 'id': '44196397'}]}",renniwyn,"{'followers_count': 143, 'following_count': 2569, 'tweet_count': 8877, 'listed_count': 4}",False,https://twitter.com/renniwyn/status/1587641850474926080,143,2569,8877
2,2022-11-02 03:04:48+00:00,1587641849908690944,This group has been pumping #DOGE $DOGE over the last week. Next week #dogecoin will be at 0.5$! The biggest pump will be on Sunday. Join today https://t.co/L03EGSEKZ6 https://t.co/izJ80RnRoY #Elon #Crypto #Ripple #Cardano,en,,Alkhahoki,"{'followers_count': 288, 'following_count': 5003, 'tweet_count': 88190, 'listed_count': 9}",False,https://twitter.com/Alkhahoki/status/1587641849908690944,288,5003,88190
3,2022-11-02 03:04:48+00:00,1587641849333833729,Our journey through time and space as a Raki Guardian is just beginning in #Crypto and #Web3,en,,RakiGuardians,"{'followers_count': 186, 'following_count': 206, 'tweet_count': 352, 'listed_count': 0}",False,https://twitter.com/RakiGuardians/status/1587641849333833729,186,206,352
4,2022-11-02 03:04:48+00:00,1587641847580659712,goodluck! @richardsunda @ReturnFrontBTC @Poelie011 @Fruitzcanna908 @LozanuRoxana @AdeyemoIdayat @andrewssun3 @asold_crypto @yuxuanSu9 https://t.co/kh41POmsD0,en,"{'mentions': [{'start': 10, 'end': 23, 'username': 'richardsunda', 'id': '2962104563'}, {'start': 24, 'end': 39, 'username': 'ReturnFrontBTC', 'id': '1134293301937496065'}, {'start': 40, 'end': 50, 'username': 'Poelie011', 'id': '871714742544584705'}, {'start': 51, 'end': 66, 'username': 'Fruitzcanna908', 'id': '221116980'}, {'start': 67, 'end': 80, 'username': 'LozanuRoxana', 'id': '943502796166520832'}, {'start': 81, 'end': 95, 'username': 'AdeyemoIdayat', 'id': '1087759758394830848'}, {'start': 96, 'end': 108, 'username': 'andrewssun3', 'id': '1473240414282928132'}, {'start': 109, 'end': 122, 'username': 'asold_crypto', 'id': '933691148048224256'}, {'start': 123, 'end': 133, 'username': 'yuxuanSu9', 'id': '1045685584830889985'}]}",Olaleka17262292,"{'followers_count': 0, 'following_count': 6, 'tweet_count': 7, 'listed_count': 0}",False,https://twitter.com/Olaleka17262292/status/1587641847580659712,0,6,7
5,2022-11-02 03:04:47+00:00,1587641846129377280,damn i love artgobblers lol @buffmonster @AresKnows @RRPunreddy @Stormy61689240 @ThinkingAlts @ProtagXBT @lutttine @Mitreycorp @web3lovemore @txtaan_crypto @JacktheDegen https://t.co/md8eHv49dr,en,"{'mentions': [{'start': 28, 'end': 40, 'username': 'buffmonster', 'id': '36014516'}, {'start': 41, 'end': 51, 'username': 'AresKnows', 'id': '1469328116917149699'}, {'start': 52, 'end': 63, 'username': 'RRPunreddy', 'id': '1278012992546799623'}, {'start': 64, 'end': 79, 'username': 'Stormy61689240', 'id': '1431354369203658756'}, {'start': 80, 'end': 93, 'username': 'ThinkingAlts', 'id': '1406987298395197445'}, {'start': 94, 'end': 104, 'username': 'ProtagXBT', 'id': '1433700962728824877'}, {'start': 105, 'end': 114, 'username': 'lutttine', 'id': '1463290898595258374'}, {'start': 115, 'end': 126, 'username': 'Mitreycorp', 'id': '1498781740076306446'}, {'start': 127, 'end': 140, 'username': 'web3lovemore', 'id': '384185988'}, {'start': 141, 'end': 155, 'username': 'txtaan_crypto', 'id': '1483518865183318053'}, {'start': 156, 'end': 169, 'username': 'JacktheDegen', 'id': '980889089858707457'}]}",saad_m_s_5,"{'followers_count': 0, 'following_count': 30, 'tweet_count': 101, 'listed_count': 0}",False,https://twitter.com/saad_m_s_5/status/1587641846129377280,0,30,101
6,2022-11-02 03:04:47+00:00,1587641845382782976,"Bitmama is making worldwide crypto payment seamless, Asset cradle is making tokenized real estate affordable, and https://t.co/9gHhbOYvwU is incentivizing verified data provision.",en,,victorforcrypto,"{'followers_count': 42, 'following_count': 180, 'tweet_count': 77, 'listed_count': 1}",False,https://twitter.com/victorforcrypto/status/1587641845382782976,42,180,77
7,2022-11-02 03:04:47+00:00,1587641845219459074,@Bitboy_Crypto @coinbase @Ripple @coinbase #RelistXRP,qme,"{'mentions': [{'start': 0, 'end': 14, 'username': 'Bitboy_Crypto', 'id': '954005112174862336'}, {'start': 15, 'end': 24, 'username': 'coinbase', 'id': '574032254'}, {'start': 25, 'end': 32, 'username': 'Ripple', 'id': '1051053836'}, {'start': 33, 'end': 42, 'username': 'coinbase', 'id': '574032254'}]}",J_Forester89,"{'followers_count': 32, 'following_count': 70, 'tweet_count': 423, 'listed_count': 0}",False,https://twitter.com/J_Forester89/status/1587641845219459074,32,70,423
8,2022-11-02 03:04:47+00:00,1587641844699222016,@binance #milo #miloinu #cloak     #MiloInu #MiloInuArmy #CLOAK #CloakArmy #BSC #BNB¬†‚ÄØ‚ÄØ‚ÄØ¬† #Binance¬†‚ÄØ#Crypto #BTC¬†‚ÄØ‚ÄØ‚ÄØ¬† #BinanceSmartChain #Milo #Anime #cartoonfi  #Crypto #Gamefi #NFT https://t.co/mlmdhahayp,qme,"{'mentions': [{'start': 0, 'end': 8, 'username': 'binance', 'id': '877807935493033984'}]}",milo_army2,"{'followers_count': 88, 'following_count': 718, 'tweet_count': 10265, 'listed_count': 1}",False,https://twitter.com/milo_army2/status/1587641844699222016,88,718,10265
9,2022-11-02 03:04:47+00:00,1587641844342587393,Happy Reveal Day @Dlohofosho @velkoskiss @crypto_cantno @GioiaMattia @PaulFowler321 https://t.co/CyQmD0ohsr,en,"{'mentions': [{'start': 17, 'end': 28, 'username': 'Dlohofosho', 'id': '1497089028335697923'}, {'start': 29, 'end': 40, 'username': 'velkoskiss', 'id': '1361009027715637251'}, {'start': 41, 'end': 55, 'username': 'crypto_cantno', 'id': '1458155224586244109'}, {'start': 56, 'end': 68, 'username': 'GioiaMattia', 'id': '1488545640896516096'}, {'start': 69, 'end': 83, 'username': 'PaulFowler321', 'id': '1431311810867646464'}]}",Nandkis98234732,"{'followers_count': 0, 'following_count': 3, 'tweet_count': 2, 'listed_count': 0}",False,https://twitter.com/Nandkis98234732/status/1587641844342587393,0,3,2
10,2022-11-02 03:04:46+00:00,1587641842572853248,wtf so easy @Bryan121229 @oytunbc @flamingnahdbits @markdaniel94 @crypto_cuzzin @kittyxnft @KrykaHodler @blockchain_dean @jimsalt22 @elosoperezoso8 @jaimedavid141 https://t.co/tNBSTRGcsE,en,"{'mentions': [{'start': 12, 'end': 24, 'username': 'Bryan121229', 'id': '1491006697682268165'}, {'start': 25, 'end': 33, 'username': 'oytunbc', 'id': '1958688314'}, {'start': 34, 'end': 50, 'username': 'flamingnahdbits', 'id': '87301250'}, {'start': 51, 'end': 64, 'username': 'markdaniel94', 'id': '43226708'}, {'start': 65, 'end': 79, 'username': 'crypto_cuzzin', 'id': '1469454176107339777'}, {'start': 80, 'end': 90, 'username': 'kittyxnft', 'id': '1252942360696066048'}, {'start': 91, 'end': 103, 'username': 'KrykaHodler', 'id': '1455317453165273089'}, {'start': 104, 'end': 120, 'username': 'blockchain_dean', 'id': '1323903498446987264'}, {'start': 121, 'end': 131, 'username': 'jimsalt22', 'id': '3110319880'}, {'start': 132, 'end': 147, 'username': 'elosoperezoso8', 'id': '1391000490998128642'}, {'start': 148, 'end': 162, 'username': 'jaimedavid141', 'id': '3048445706'}]}",DidonBVCXY,"{'followers_count': 0, 'following_count': 4, 'tweet_count': 2, 'listed_count': 0}",False,https://twitter.com/DidonBVCXY/status/1587641842572853248,0,4,2
11,2022-11-02 03:04:46+00:00,1587641842451247106,"@Boogerbeard1 Earn $5,000 in SOL crypto currency daily without sending money to anyone. Thank me later ü•∞

https://t.co/gVZf4PQ9od",en,"{'mentions': [{'start': 0, 'end': 13, 'username': 'Boogerbeard1', 'id': '1266212961745436673'}]}",Patrickwayne581,"{'followers_count': 66, 'following_count': 30, 'tweet_count': 1153, 'listed_count': 1}",False,https://twitter.com/Patrickwayne581/status/1587641842451247106,66,30,1153
12,2022-11-02 03:04:46+00:00,1587641841477877760,RT @WatcherGuru: JUST IN: üáøüá¶ South Africa's second largest supermarket chain 'Pick n Pay' to accept #Bitcoin &amp; #crypto for payments.,en,"{'mentions': [{'start': 3, 'end': 15, 'username': 'WatcherGuru', 'id': '1387497871751196672'}]}",Texas_Belle9,"{'followers_count': 198, 'following_count': 635, 'tweet_count': 24675, 'listed_count': 0}",False,https://twitter.com/Texas_Belle9/status/1587641841477877760,198,635,24675
13,2022-11-02 03:04:46+00:00,1587641840731590656,"RT @vor_nyc: @Bitboy_Crypto Soooo if I don‚Äôt pay the $8 to blue check mark, I‚Äôm automatically considered a bot?",en,"{'mentions': [{'start': 3, 'end': 11, 'username': 'vor_nyc', 'id': '2230668726'}, {'start': 13, 'end': 27, 'username': 'Bitboy_Crypto', 'id': '954005112174862336'}]}",voltairemelkor,"{'followers_count': 1491, 'following_count': 4511, 'tweet_count': 16330, 'listed_count': 20}",False,https://twitter.com/voltairemelkor/status/1587641840731590656,1491,4511,16330
14,2022-11-02 03:04:46+00:00,1587641840567988224,"@Mahidhar_Crypto @Lovely_finance @lovely_turkish @LOVELY_INU_ARMY @BhupalPala @SupporterLovely @P_G_Lovely @sarthakag_2000 @Next100XGEMS @bitcoinlfgo MAINNET VERSION WILL OPEN ON 11:00UTC 1/11
‚úÖEveryone can join the Maninnet
Register:https://t.co/TbwT2m0P2V
‚úÖArena arena ranking:
Period:1th-20th Nov
prize:1.2M $HUB and many other attractive in-game
‚úÖAMA:
‚è±10:00 UTC 1/11
Prize:6 NFT/6 Minigame winners
@monsterera
#12368",en,"{'mentions': [{'start': 0, 'end': 16, 'username': 'Mahidhar_Crypto', 'id': '1522834203007717376'}, {'start': 17, 'end': 32, 'username': 'Lovely_finance', 'id': '1394692877716901888'}, {'start': 33, 'end': 48, 'username': 'lovely_turkish', 'id': '1506563697967251464'}, {'start': 49, 'end': 65, 'username': 'LOVELY_INU_ARMY', 'id': '1435477728841506820'}, {'start': 66, 'end': 77, 'username': 'BhupalPala', 'id': '1405125577548255232'}, {'start': 78, 'end': 94, 'username': 'SupporterLovely', 'id': '1425671179231129723'}, {'start': 95, 'end': 106, 'username': 'P_G_Lovely', 'id': '1536645195369918464'}, {'start': 107, 'end': 122, 'username': 'sarthakag_2000', 'id': '2919658244'}, {'start': 123, 'end': 136, 'username': 'Next100XGEMS', 'id': '1377575199692914691'}, {'start': 137, 'end': 149, 'username': 'bitcoinlfgo', 'id': '1296337092302139396'}, {'start': 403, 'end': 414, 'username': 'MonsterEra', 'id': '1583510894'}]}",cocarenkesl,"{'followers_count': 1, 'following_count': 19, 'tweet_count': 14654, 'listed_count': 0}",False,https://twitter.com/cocarenkesl/status/1587641840567988224,1,19,14654
15,2022-11-02 03:04:46+00:00,1587641839967879169,"#crypto

via @coin_post 
#news #Binance https://t.co/hATRYRKg81",qht,"{'mentions': [{'start': 13, 'end': 23, 'username': 'coin_post', 'id': '882154500240228353'}]}",Ralphtan222,"{'followers_count': 214, 'following_count': 4955, 'tweet_count': 105005, 'listed_count': 10}",False,https://twitter.com/Ralphtan222/status/1587641839967879169,214,4955,105005
16,2022-11-02 03:04:46+00:00,1587641839112552451,@PresaleWorld $PW #PresaleWorld #crypto,qme,"{'mentions': [{'start': 0, 'end': 13, 'username': 'PresaleWorld', 'id': '1552396677885165572'}]}",Monom0suk3,"{'followers_count': 297, 'following_count': 2950, 'tweet_count': 14004, 'listed_count': 1}",False,https://twitter.com/Monom0suk3/status/1587641839112552451,297,2950,14004
17,2022-11-02 03:04:45+00:00,1587641836621148160,RT @UnidefTimes: JUST IN: üáÆüá≥ #Crypto regulation is a 'working priority' for Its #G20 presidency next month- Indian finance minister,en,"{'mentions': [{'start': 3, 'end': 15, 'username': 'UnidefTimes', 'id': '1531644250663833601'}]}",Novemberbigwiin,"{'followers_count': 42, 'following_count': 3981, 'tweet_count': 13862, 'listed_count': 4}",False,https://twitter.com/Novemberbigwiin/status/1587641836621148160,42,3981,13862
18,2022-11-02 03:04:45+00:00,1587641835500883969,whitelist Interworking Assistajnt @Ivan_shklyaruk @Glez_58 @CryptoTwinSnake @Zooz_Crypto @devJano @nic_alexandr @MrBitstar @RoyalSol_ @alex21168934 @4REMgm @Pahtohs @krassyes @crunchycereal13 @intotheabiss @Laoxie95888854 https://t.co/E1IEWWXAZb,en,"{'mentions': [{'start': 34, 'end': 49, 'username': 'Ivan_shklyaruk', 'id': '1439136045090607108'}, {'start': 50, 'end': 58, 'username': 'Glez_58', 'id': '169709995'}, {'start': 59, 'end': 75, 'username': 'CryptoTwinSnake', 'id': '1445615055039467522'}, {'start': 76, 'end': 88, 'username': 'Zooz_Crypto', 'id': '1392339410528604164'}, {'start': 89, 'end': 97, 'username': 'devJano', 'id': '1444303413638991875'}, {'start': 98, 'end': 111, 'username': 'nic_alexandr', 'id': '970234417254944769'}, {'start': 112, 'end': 122, 'username': 'MrBitstar', 'id': '1168148539458932737'}, {'start': 123, 'end': 133, 'username': 'RoyalSol_', 'id': '1936032644'}, {'start': 134, 'end': 147, 'username': 'alex21168934', 'id': '1288564161149054979'}, {'start': 148, 'end': 155, 'username': '4REMgm', 'id': '109698220'}, {'start': 156, 'end': 164, 'username': 'Pahtohs', 'id': '748322636552253440'}, {'start': 165, 'end': 174, 'username': 'krassyes', 'id': '1316476413617344522'}, {'start': 175, 'end': 191, 'username': 'crunchycereal13', 'id': '1432531418484150274'}, {'start': 192, 'end': 205, 'username': 'intotheabiss', 'id': '356473121'}, {'start': 206, 'end': 221, 'username': 'Laoxie95888854', 'id': '1390934504412377091'}]}",mulugbek95461,"{'followers_count': 0, 'following_count': 4, 'tweet_count': 45, 'listed_count': 0}",False,https://twitter.com/mulugbek95461/status/1587641835500883969,0,4,45
19,2022-11-02 03:04:45+00:00,1587641835215888385,"RT @PhantasmaBot_: Top NFT Coins on KuCoin - Another Phantasma Video! 

Which NFTs should you buy? In this video you‚Äôll learn about NFT tok‚Ä¶",en,"{'mentions': [{'start': 3, 'end': 17, 'username': 'PhantasmaBot_', 'id': '1484099666434306054'}]}",Fri55628131,"{'followers_count': 400, 'following_count': 1667, 'tweet_count': 98376, 'listed_count': 9}",False,https://twitter.com/Fri55628131/status/1587641835215888385,400,1667,98376
20,2022-11-02 03:04:45+00:00,1587641834897313792,"RT @QuaiNetwork: What is the Longest Chain Rule and how does it work with Quai's multi-chain modular architecture?ü§î

#QuaiNetwork #QuaiDevU‚Ä¶",en,"{'mentions': [{'start': 3, 'end': 15, 'username': 'QuaiNetwork', 'id': '1306071657174441985'}]}",allutfiii,"{'followers_count': 405, 'following_count': 4994, 'tweet_count': 26526, 'listed_count': 12}",False,https://twitter.com/allutfiii/status/1587641834897313792,405,4994,26526
21,2022-11-02 03:04:44+00:00,1587641834649669633,"RT @PunksBitcoin: We are giving away 100 #NFT GPUs worth $100 each üöÄ

1. Follow @Mineable_io &amp; RT
2.Join the discord https://t.co/AoDkTWvcS‚Ä¶",en,"{'mentions': [{'start': 3, 'end': 16, 'username': 'PunksBitcoin', 'id': '1536428748232335362'}, {'start': 80, 'end': 92, 'username': 'Mineable_io', 'id': '1524693482014654464'}]}",FatimahIAB,"{'followers_count': 188, 'following_count': 64, 'tweet_count': 4968, 'listed_count': 0}",False,https://twitter.com/FatimahIAB/status/1587641834649669633,188,64,4968
22,2022-11-02 03:04:44+00:00,1587641833751949312,RT @tandinganE: $TTC has all the reasons to be the top project in #BSC. It will be all over the crypto world!! Do not miss to jump onboard‚Ä¶,en,"{'mentions': [{'start': 3, 'end': 14, 'username': 'tandinganE', 'id': '1442287619304407043'}]}",MorganLucius4,"{'followers_count': 0, 'following_count': 32, 'tweet_count': 436, 'listed_count': 0}",False,https://twitter.com/MorganLucius4/status/1587641833751949312,0,32,436
23,2022-11-02 03:04:44+00:00,1587641832129056768,"RT @CryptoInsightsX: üì¢JUST IN: @bit5_win is NOW available on @PancakeSwap with $100K liquidity from startüöÄüöÄ

#BIT5 is a decentralized #Cryp‚Ä¶",en,"{'mentions': [{'start': 3, 'end': 19, 'username': 'CryptoInsightsX', 'id': '1463919070735003648'}, {'start': 31, 'end': 40, 'username': 'bit5_win', 'id': '1553459826835030019'}, {'start': 61, 'end': 73, 'username': 'PancakeSwap', 'id': '1305349277422477313'}]}",sagorkh04849279,"{'followers_count': 5, 'following_count': 14, 'tweet_count': 625, 'listed_count': 0}",False,https://twitter.com/sagorkh04849279/status/1587641832129056768,5,14,625
24,2022-11-02 03:04:43+00:00,1587641828987506688,sage_roux https://t.co/SExp3NJva1 18+ #BitcoinAcceptedHere #crypto #Cams,fr,,ukadultwebcams,"{'followers_count': 3004, 'following_count': 171, 'tweet_count': 428185, 'listed_count': 45}",False,https://twitter.com/ukadultwebcams/status/1587641828987506688,3004,171,428185
25,2022-11-02 03:04:43+00:00,1587641828605849601,RT @Nordic_Whales: üíéListenfy $AUDIO is considered as the most potential project currently. They are doing a great ecosystem that allows peo‚Ä¶,en,"{'mentions': [{'start': 3, 'end': 17, 'username': 'Nordic_Whales', 'id': '1459314298371649540'}]}",Oxmauluck,"{'followers_count': 43, 'following_count': 2014, 'tweet_count': 4527, 'listed_count': 0}",False,https://twitter.com/Oxmauluck/status/1587641828605849601,43,2014,4527
26,2022-11-02 03:04:43+00:00,1587641828060585985,"@GiveawaysRaw ETH GIVEAWAY üíöü´∂

‚úÖ
‚úÖ@zachrashafira

#ETH #Crypto #Giveaways https://t.co/Zw9SFHhdMu",en,"{'mentions': [{'start': 0, 'end': 13, 'username': 'GiveawaysRaw', 'id': '1573390548207108099'}, {'start': 34, 'end': 48, 'username': 'zachrashafira', 'id': '455532497'}]}",E17Rudhi,"{'followers_count': 266, 'following_count': 5001, 'tweet_count': 32802, 'listed_count': 4}",False,https://twitter.com/E17Rudhi/status/1587641828060585985,266,5001,32802
27,2022-11-02 03:04:43+00:00,1587641828039614465,"RT @ScottLEOWarrior: @elonmusk Legend! 

Can we pay in crypto? üëÄ",en,"{'mentions': [{'start': 3, 'end': 19, 'username': 'ScottLEOWarrior', 'id': '2228960582'}, {'start': 21, 'end': 30, 'username': 'elonmusk', 'id': '44196397'}]}",RahmiBigwin7,"{'followers_count': 18, 'following_count': 151, 'tweet_count': 146, 'listed_count': 0}",False,https://twitter.com/RahmiBigwin7/status/1587641828039614465,18,151,146
28,2022-11-02 03:04:43+00:00,1587641827611770882,"RT @Route2FI: If I were 20 yrs old again, I'd probably find a remote crypto/web3 job with an above-average salary. Then, move to a low-cost‚Ä¶",en,"{'mentions': [{'start': 3, 'end': 12, 'username': 'Route2FI', 'id': '1084397942319054850'}]}",walking_melon,"{'followers_count': 5, 'following_count': 179, 'tweet_count': 10, 'listed_count': 10}",False,https://twitter.com/walking_melon/status/1587641827611770882,5,179,10
29,2022-11-02 03:04:43+00:00,1587641827531710464,@Crypto_Hawkk @Jack_Atomy https://t.co/ZQP2lybVoi,qme,"{'mentions': [{'start': 0, 'end': 13, 'username': 'Crypto_Hawkk', 'id': '851102799899181056'}, {'start': 14, 'end': 25, 'username': 'Jack_Atomy', 'id': '1528360085038059522'}]}",thepickawcity,"{'followers_count': 2272, 'following_count': 4501, 'tweet_count': 30047, 'listed_count': 9}",False,https://twitter.com/thepickawcity/status/1587641827531710464,2272,4501,30047
30,2022-11-02 03:04:43+00:00,1587641826949083137,"RT @CryptoMarma: $50 || 4 Hours üíú

üü™ RT + Like

üü™ Follow @crypto_with_bex + üîî on",en,"{'mentions': [{'start': 3, 'end': 15, 'username': 'CryptoMarma', 'id': '258179497'}, {'start': 57, 'end': 73, 'username': 'crypto_with_bex', 'id': '1570507308056051712'}]}",42jeti,"{'followers_count': 159, 'following_count': 2527, 'tweet_count': 6960, 'listed_count': 2}",False,https://twitter.com/42jeti/status/1587641826949083137,159,2527,6960
31,2022-11-02 03:04:42+00:00,1587641826172755968,"How many of you got into crypto because of #memecoins? 

@elonmusk is making #cryptocurrency fun again! I have a feeling this next bull run Meme coins are going to absolutely FLY! 
#Dogecoin #Dogelon #SHIB 

Watch: https://t.co/BNb1bppU9J https://t.co/LvZgOasq1T",en,"{'mentions': [{'start': 57, 'end': 66, 'username': 'elonmusk', 'id': '44196397'}]}",cryptojourneyrs,"{'followers_count': 12912, 'following_count': 823, 'tweet_count': 9792, 'listed_count': 21}",False,https://twitter.com/cryptojourneyrs/status/1587641826172755968,12912,823,9792
32,2022-11-02 03:04:42+00:00,1587641825891823616,"RT @myhodlerapp: ü§ë WIN 100$ ü§ë

1. Download app https://t.co/rMgJsfPEyz and create new crypto portfolio
2. Rate 5* in Play Store and write a‚Ä¶",en,"{'mentions': [{'start': 3, 'end': 15, 'username': 'myhodlerapp', 'id': '1549012581960097792'}]}",jho_hen,"{'followers_count': 28, 'following_count': 1403, 'tweet_count': 1828, 'listed_count': 4}",False,https://twitter.com/jho_hen/status/1587641825891823616,28,1403,1828
33,2022-11-02 03:04:42+00:00,1587641825556193280,@CryptoMarma @crypto_with_bex https://t.co/C52ZW17JwZ,qme,"{'mentions': [{'start': 0, 'end': 12, 'username': 'CryptoMarma', 'id': '258179497'}, {'start': 13, 'end': 29, 'username': 'crypto_with_bex', 'id': '1570507308056051712'}]}",_0xigen,"{'followers_count': 72, 'following_count': 4923, 'tweet_count': 29334, 'listed_count': 1}",False,https://twitter.com/_0xigen/status/1587641825556193280,72,4923,29334
34,2022-11-02 03:04:42+00:00,1587641825166299136,"RT @MrShinyBird: 100$ #Giveaway üéÉüê¶‚ú® 
(will pick with twitter picker!) 

To enter:

1Ô∏è‚É£ RT/LIKE &amp; FOLLOW ME @MrShinyBird (üîî)
2Ô∏è‚É£ TAG FRIEND/‚Ä¶",en,"{'mentions': [{'start': 3, 'end': 15, 'username': 'MrShinyBird', 'id': '1471974856665219072'}, {'start': 111, 'end': 123, 'username': 'MrShinyBird', 'id': '1471974856665219072'}]}",brightboylucky,"{'followers_count': 389, 'following_count': 2025, 'tweet_count': 6396, 'listed_count': 1}",False,https://twitter.com/brightboylucky/status/1587641825166299136,389,2025,6396
35,2022-11-02 03:04:42+00:00,1587641825111654403,"RT @leeneedham81: Real time #Crypto #memecoin top 10 AltRank by #LunarCrush

I got 3 absolute beasts showing amazing social/market activity‚Ä¶",en,"{'mentions': [{'start': 3, 'end': 16, 'username': 'leeneedham81', 'id': '1480245001'}]}",hgfdxd6,"{'followers_count': 13, 'following_count': 36, 'tweet_count': 778, 'listed_count': 0}",False,https://twitter.com/hgfdxd6/status/1587641825111654403,13,36,778
36,2022-11-02 03:04:42+00:00,1587641825111601152,"@Wireshape announces a new open blockchain to decentralize product data, thus creating an alternative many times cheaper than the current barcode system.

Join Wireshape DAO and vote on @SnapshotLabs: https://t.co/D15kb1C18y

#NFTGiveaway #NFTdrops #Airdrop #Crypto",en,"{'mentions': [{'start': 0, 'end': 10, 'username': 'wireshape', 'id': '742440086843891712'}, {'start': 186, 'end': 199, 'username': 'SnapshotLabs', 'id': '1297470992491540481'}]}",Rayhank58789819,"{'followers_count': 19, 'following_count': 997, 'tweet_count': 2344, 'listed_count': 0}",False,https://twitter.com/Rayhank58789819/status/1587641825111601152,19,997,2344
37,2022-11-02 03:04:42+00:00,1587641825048743936,"RT @TechTrees_Coin: Crypto is all about red and green. You‚Äôve got to hold on tight and off you go. Remember to become a $TTC, you need to h‚Ä¶",en,"{'mentions': [{'start': 3, 'end': 18, 'username': 'TechTrees_Coin', 'id': '1018177772622139397'}]}",BradyDaniell1,"{'followers_count': 12, 'following_count': 35, 'tweet_count': 1451, 'listed_count': 0}",False,https://twitter.com/BradyDaniell1/status/1587641825048743936,12,35,1451
38,2022-11-02 03:04:42+00:00,1587641824805474305,"RT @MrShinyBird: 100$ #Giveaway üéÉüê¶‚ú® 
(will pick with twitter picker!) 

To enter:

1Ô∏è‚É£ RT/LIKE &amp; FOLLOW ME @MrShinyBird (üîî)
2Ô∏è‚É£ TAG FRIEND/‚Ä¶",en,"{'mentions': [{'start': 3, 'end': 15, 'username': 'MrShinyBird', 'id': '1471974856665219072'}, {'start': 111, 'end': 123, 'username': 'MrShinyBird', 'id': '1471974856665219072'}]}",itschiLu,"{'followers_count': 331, 'following_count': 3759, 'tweet_count': 45681, 'listed_count': 0}",False,https://twitter.com/itschiLu/status/1587641824805474305,331,3759,45681
39,2022-11-02 03:04:42+00:00,1587641824469975040,@enrex_crypto @LanaMarley3 Why is nobody talking about this? Uniswap is being exploited by this dude. More than $200k so far https://t.co/DdoMzAz3B2 leaked in alpha group,en,"{'mentions': [{'start': 0, 'end': 13, 'username': 'enrex_crypto', 'id': '1422084171762180098'}, {'start': 14, 'end': 26, 'username': 'LanaMarley3', 'id': '1568768787134181378'}]}",syafii_2000_12,"{'followers_count': 1, 'following_count': 0, 'tweet_count': 1096, 'listed_count': 0}",False,https://twitter.com/syafii_2000_12/status/1587641824469975040,1,0,1096
40,2022-11-02 03:04:42+00:00,1587641824025477120,"RT @Cointelegraph: Your normie friend: ""I'll get into crypto when dogs start speaking English""
Dogs: 
https://t.co/tNcdK8kbPZ",en,"{'mentions': [{'start': 3, 'end': 17, 'username': 'Cointelegraph', 'id': '2207129125'}]}",Tercron,"{'followers_count': 117, 'following_count': 206, 'tweet_count': 11525, 'listed_count': 2}",False,https://twitter.com/Tercron/status/1587641824025477120,117,206,11525
41,2022-11-02 03:04:42+00:00,1587641823727472641,"RT @zunacoin: ZUNA‚Äôs one year anniversary giveaway starts now! üöÄ 

$15,000+ in Crypto/NFT‚Äôs

61 winners will get 1 #BNB, 100 Billion $ZUNA‚Ä¶",en,"{'mentions': [{'start': 3, 'end': 12, 'username': 'zunacoin', 'id': '1397734526567161856'}]}",Strickl13263893,"{'followers_count': 0, 'following_count': 17, 'tweet_count': 9, 'listed_count': 0}",False,https://twitter.com/Strickl13263893/status/1587641823727472641,0,17,9
42,2022-11-02 03:04:42+00:00,1587641823702712320,pytsab https://t.co/rFR2nwmAYI 18+ #BitcoinAcceptedHere #crypto #Cams,et,,ukadultwebcams,"{'followers_count': 3004, 'following_count': 171, 'tweet_count': 428185, 'listed_count': 45}",False,https://twitter.com/ukadultwebcams/status/1587641823702712320,3004,171,428185
43,2022-11-02 03:04:41+00:00,1587641821856866305,"RT @CryptoTownEU: üöÄ Airdrop: GoSpace
üí∞ Value: 200 Go Coin
üë• Referral: 1200 Go Coin
üìí Partnership: MetaBank
üìÖ End Date: 7th November, 2022
üè¶‚Ä¶",en,"{'mentions': [{'start': 3, 'end': 16, 'username': 'CryptoTownEU', 'id': '1034478294677250048'}]}",XemBoo,"{'followers_count': 21, 'following_count': 156, 'tweet_count': 150, 'listed_count': 0}",False,https://twitter.com/XemBoo/status/1587641821856866305,21,156,150
44,2022-11-02 03:04:41+00:00,1587641821798113281,RT @bmoon_india: The country has a love-hate relationship with cryptocurrency. The Reserve Bank of India wants to outright ban digital asse‚Ä¶,en,"{'mentions': [{'start': 3, 'end': 15, 'username': 'bmoon_india', 'id': '1341367897910693888'}]}",YiFesen,"{'followers_count': 2, 'following_count': 8, 'tweet_count': 36, 'listed_count': 0}",False,https://twitter.com/YiFesen/status/1587641821798113281,2,8,36
45,2022-11-02 03:04:41+00:00,1587641821685223424,"RT @ScottLEOWarrior: @elonmusk Legend! 

Can we pay in crypto? üëÄ",en,"{'mentions': [{'start': 3, 'end': 19, 'username': 'ScottLEOWarrior', 'id': '2228960582'}, {'start': 21, 'end': 30, 'username': 'elonmusk', 'id': '44196397'}]}",7luckycityx,"{'followers_count': 119, 'following_count': 4924, 'tweet_count': 26752, 'listed_count': 3}",False,https://twitter.com/7luckycityx/status/1587641821685223424,119,4924,26752
46,2022-11-02 03:04:41+00:00,1587641820796051456,"RT @taskonxyz: üéâDon‚Äôt miss the $ùüèùüé,ùüéùüéùüé BIG #giveaway of our old friend @FBBank_cc, a decentralization #crypto fund! 
 
üéÅ ùüì,ùüéùüéùüé $FB + #TaskO‚Ä¶",en,"{'mentions': [{'start': 3, 'end': 13, 'username': 'taskonxyz', 'id': '1552588328372826113'}, {'start': 71, 'end': 81, 'username': 'FBBank_cc', 'id': '1514200341771862018'}]}",creliavpdoryxt,"{'followers_count': 9, 'following_count': 157, 'tweet_count': 165, 'listed_count': 0}",False,https://twitter.com/creliavpdoryxt/status/1587641820796051456,9,157,165
47,2022-11-02 03:04:41+00:00,1587641820468895744,"RT @A4Wallet: Great News Everybody üê±. 
Rewards Pool is: $100k In USDT üî•
For First 50k Eligible People. üöÄ

Do some task 
Download A4 crypto‚Ä¶",en,"{'mentions': [{'start': 3, 'end': 12, 'username': 'A4Wallet', 'id': '1587078180904517633'}]}",SohanGazi697,"{'followers_count': 1, 'following_count': 26, 'tweet_count': 30, 'listed_count': 0}",False,https://twitter.com/SohanGazi697/status/1587641820468895744,1,26,30
48,2022-11-02 03:04:41+00:00,1587641820447576064,"RT @macguyvermedia: 76/365 special #givebackchallenge üëá üî•

$100 to one lucky winner in #crypto of choice

Rules: follow @LAMBOBSC2022 and T‚Ä¶",en,"{'mentions': [{'start': 3, 'end': 18, 'username': 'macguyvermedia', 'id': '505383028'}, {'start': 120, 'end': 133, 'username': 'LAMBOBSC2022', 'id': '1503123072538316800'}]}",faramis00300072,"{'followers_count': 27, 'following_count': 367, 'tweet_count': 562, 'listed_count': 1}",False,https://twitter.com/faramis00300072/status/1587641820447576064,27,367,562
49,2022-11-02 03:04:41+00:00,1587641820317900801,@AlbertaLeonidas crypto bots for me lol,en,"{'mentions': [{'start': 0, 'end': 16, 'username': 'AlbertaLeonidas', 'id': '1219637069120565248'}]}",mickmugsi123,"{'followers_count': 1121, 'following_count': 3658, 'tweet_count': 15710, 'listed_count': 5}",False,https://twitter.com/mickmugsi123/status/1587641820317900801,1121,3658,15710
50,2022-11-02 03:04:41+00:00,1587641819961384960,RT @UnidefTimes: ICYMI: #Apollo Global hires Anchorage Digital as #Crypto custodian,en,"{'mentions': [{'start': 3, 'end': 15, 'username': 'UnidefTimes', 'id': '1531644250663833601'}]}",Novemberbigwiin,"{'followers_count': 42, 'following_count': 3981, 'tweet_count': 13862, 'listed_count': 4}",False,https://twitter.com/Novemberbigwiin/status/1587641819961384960,42,3981,13862
51,2022-11-02 03:04:41+00:00,1587641819890077697,üéÅ$25 #venmo or #crypto to one winner in 24 hoursü§ë Just Retweet this and Follow GameOfGoons,en,,CrystalThodore,"{'followers_count': 70, 'following_count': 363, 'tweet_count': 31, 'listed_count': 1}",False,https://twitter.com/CrystalThodore/status/1587641819890077697,70,363,31
52,2022-11-02 03:04:41+00:00,1587641818447216640,crazyhotrussian https://t.co/XKNnjjctIJ 18+ #BitcoinAcceptedHere #crypto #Cams,und,,ukadultwebcams,"{'followers_count': 3004, 'following_count': 171, 'tweet_count': 428185, 'listed_count': 45}",False,https://twitter.com/ukadultwebcams/status/1587641818447216640,3004,171,428185
53,2022-11-02 03:04:40+00:00,1587641817301798912,"RT @Mineable_io: Our beta is live &amp; we are giving away 100 #NFT GPUs worth $100 each üöÄ

All you need to doüëáüèª

1. Follow @Mineable_io &amp; RT
2‚Ä¶",en,"{'mentions': [{'start': 3, 'end': 15, 'username': 'Mineable_io', 'id': '1524693482014654464'}, {'start': 124, 'end': 136, 'username': 'Mineable_io', 'id': '1524693482014654464'}]}",Bigwinpickaww,"{'followers_count': 158, 'following_count': 2371, 'tweet_count': 37650, 'listed_count': 1}",False,https://twitter.com/Bigwinpickaww/status/1587641817301798912,158,2371,37650
54,2022-11-02 03:04:40+00:00,1587641816777510913,@Crypto_Hawkk @BitstarW THANK YOUUUU https://t.co/5mloWC77DU,en,"{'mentions': [{'start': 0, 'end': 13, 'username': 'Crypto_Hawkk', 'id': '851102799899181056'}, {'start': 14, 'end': 23, 'username': 'BitstarW', 'id': '1567054810658271234'}]}",itshnehoon,"{'followers_count': 29, 'following_count': 1494, 'tweet_count': 25933, 'listed_count': 7}",False,https://twitter.com/itshnehoon/status/1587641816777510913,29,1494,25933
55,2022-11-02 03:04:40+00:00,1587641816039526402,"I also got to know the regulations around Blockchain and the impact it has on its growth. 

like how the ban on crypto payments in Nigeria played a role in the short-term failure of the E-naira,  the nation‚Äôs centralized digital currency.",en,,victorforcrypto,"{'followers_count': 42, 'following_count': 180, 'tweet_count': 77, 'listed_count': 1}",False,https://twitter.com/victorforcrypto/status/1587641816039526402,42,180,77
56,2022-11-02 03:04:40+00:00,1587641815293112320,"@THB_crypto Very good 
@alanorwick
@earlxsweat
@AlberJuglar",en,"{'mentions': [{'start': 0, 'end': 11, 'username': 'THB_crypto', 'id': '1478236915715706884'}, {'start': 23, 'end': 34, 'username': 'alanorwick', 'id': '516947335'}, {'start': 35, 'end': 46, 'username': 'earlxsweat', 'id': '486955518'}, {'start': 47, 'end': 59, 'username': 'AlberJuglar', 'id': '966185752307650560'}]}",AdibAbdurrohma2,"{'followers_count': 8, 'following_count': 187, 'tweet_count': 141, 'listed_count': 2}",False,https://twitter.com/AdibAbdurrohma2/status/1587641815293112320,8,187,141
57,2022-11-02 03:04:40+00:00,1587641814160384000,"@2plus2isnot51 Earn $5,000 in SOL crypto currency daily without sending money to anyone. Thank me later ü•∞

https://t.co/gVZf4PPByF",en,"{'mentions': [{'start': 0, 'end': 14, 'username': '2plus2isnot51', 'id': '1577828609728708608'}]}",Patrickwayne581,"{'followers_count': 66, 'following_count': 30, 'tweet_count': 1153, 'listed_count': 1}",False,https://twitter.com/Patrickwayne581/status/1587641814160384000,66,30,1153
58,2022-11-02 03:04:40+00:00,1587641814072410112,"#Bitcoin Last Price $20504 #BTC üöÄ
Daily Indicators:
‚Ä¢Pivot Fibonacci:
 -Support 1: 18767
 -S2: 18065
 -S3: 16930
 -Middle: 19902
 -Resistance 1: 21037

#Ethereum Last Price $1589 #ETH
‚Ä¢Pivot:
 -S1: 1294
 -S2: 1182
 -S3: 1001
 -M: 1475
 -R1: 1657

#Crypto #DeFi
(3/6)
316580",en,,LivePriceCrypto,"{'followers_count': 3990, 'following_count': 4, 'tweet_count': 316761, 'listed_count': 27}",False,https://twitter.com/LivePriceCrypto/status/1587641814072410112,3990,4,316761
59,2022-11-02 03:04:39+00:00,1587641813569277952,"RT @okxint1: To all the #football fans, #betting enthusiasts and #crypto maniacs

#WorldCup2022 is coming soon and the biggest narrative in‚Ä¶",en,"{'mentions': [{'start': 3, 'end': 11, 'username': 'okxint1', 'id': '1585884558746357762'}]}",cryptoproz19,"{'followers_count': 74, 'following_count': 490, 'tweet_count': 3894, 'listed_count': 0}",False,https://twitter.com/cryptoproz19/status/1587641813569277952,74,490,3894
60,2022-11-02 03:04:39+00:00,1587641813225328641,w320021 https://t.co/PVm7faHIEO 18+ #BitcoinAcceptedHere #crypto #Cams,und,,ukadultwebcams,"{'followers_count': 3004, 'following_count': 171, 'tweet_count': 428185, 'listed_count': 45}",False,https://twitter.com/ukadultwebcams/status/1587641813225328641,3004,171,428185
61,2022-11-02 03:04:39+00:00,1587641813141426176,!blobble @Crypto_Lajara @ABrayankeni @0lumidey_ @J0e1Emb11d @9BeanSoup @nice_fellas @Robiul313 @IAMDYT2000 @BenjiSucher @babsyab123 https://t.co/DCIXuJVtmg,en,"{'mentions': [{'start': 9, 'end': 23, 'username': 'Crypto_Lajara', 'id': '1425151206402502661'}, {'start': 24, 'end': 36, 'username': 'ABrayankeni', 'id': '3068366141'}, {'start': 37, 'end': 47, 'username': '0lumidey_', 'id': '936291535477444609'}, {'start': 48, 'end': 59, 'username': 'J0e1Emb11d', 'id': '1217995002288246787'}, {'start': 60, 'end': 70, 'username': '9BeanSoup', 'id': '1404226143486685188'}, {'start': 71, 'end': 83, 'username': 'nice_fellas', 'id': '1584143421362638849'}, {'start': 84, 'end': 94, 'username': 'Robiul313', 'id': '1279071846135066624'}, {'start': 95, 'end': 106, 'username': 'IAMDYT2000', 'id': '1108205320550014976'}, {'start': 107, 'end': 119, 'username': 'BenjiSucher', 'id': '334736071'}, {'start': 120, 'end': 131, 'username': 'babsyab123', 'id': '955547125089230850'}]}",CudofQNTAO,"{'followers_count': 0, 'following_count': 2, 'tweet_count': 2, 'listed_count': 0}",False,https://twitter.com/CudofQNTAO/status/1587641813141426176,0,2,2
62,2022-11-02 03:04:39+00:00,1587641812784906241,#XGEM The future of crypto rewards is here üíé get the airdrop at https://t.co/UdfXweQQyu,en,,jakcfs,"{'followers_count': 21, 'following_count': 61, 'tweet_count': 186, 'listed_count': 0}",False,https://twitter.com/jakcfs/status/1587641812784906241,21,61,186
63,2022-11-02 03:04:39+00:00,1587641812218707968,"RT @PresaleWorld: $40 üíôüåé 24HR ~ RT ‚òéÔ∏è

Follow + üîî

Like, RT, Comment w/ $PW #PresaleWorld #crypto on our last 3 tweets.

Tag 3 friends on üìå",en,"{'mentions': [{'start': 3, 'end': 16, 'username': 'PresaleWorld', 'id': '1552396677885165572'}]}",cathw1n,"{'followers_count': 622, 'following_count': 4976, 'tweet_count': 55963, 'listed_count': 1}",False,https://twitter.com/cathw1n/status/1587641812218707968,622,4976,55963
64,2022-11-02 03:04:39+00:00,1587641811614375936,"RT @bsc_daily: üéâ @bitgertbrise $BRISE is NOW LISTED on @CoinDCX üöÄ

#CoinDCX - Making Crypto Accessible to Indiansüî•

#BRISE - World's First‚Ä¶",en,"{'mentions': [{'start': 3, 'end': 13, 'username': 'bsc_daily', 'id': '1358688239037546500'}, {'start': 17, 'end': 30, 'username': 'bitgertbrise', 'id': '1411205588801908736'}, {'start': 55, 'end': 63, 'username': 'CoinDCX', 'id': '968118294174666752'}]}",BitgertRISE,"{'followers_count': 1041, 'following_count': 77, 'tweet_count': 3398, 'listed_count': 3}",False,https://twitter.com/BitgertRISE/status/1587641811614375936,1041,77,3398
65,2022-11-02 03:04:39+00:00,1587641811584942080,RT @cryptogems555: #MOONVEMBER will be üü¢üü¢üü¢üü¢üü¢üü¢üü¢üü¢üü¢üü¢üü¢üü¢üü¢üü¢üü¢üü¢üü¢üü¢üü¢for #crypto,en,"{'mentions': [{'start': 3, 'end': 17, 'username': 'cryptogems555', 'id': '4473212565'}]}",hgfdxd6,"{'followers_count': 13, 'following_count': 36, 'tweet_count': 778, 'listed_count': 0}",False,https://twitter.com/hgfdxd6/status/1587641811584942080,13,36,778
66,2022-11-02 03:04:39+00:00,1587641811551428608,"RT @ScottLEOWarrior: @elonmusk Legend! 

Can we pay in crypto? üëÄ",en,"{'mentions': [{'start': 3, 'end': 19, 'username': 'ScottLEOWarrior', 'id': '2228960582'}, {'start': 21, 'end': 30, 'username': 'elonmusk', 'id': '44196397'}]}",sanadabigwinner,"{'followers_count': 73, 'following_count': 4251, 'tweet_count': 22164, 'listed_count': 4}",False,https://twitter.com/sanadabigwinner/status/1587641811551428608,73,4251,22164
67,2022-11-02 03:04:39+00:00,1587641810901356544,"RT @POODLETOKEN: At $POODL we are a constant. Always here. Trusted, safe, secure. We are also constantly evolving, learning, growing.

Our‚Ä¶",en,"{'mentions': [{'start': 3, 'end': 15, 'username': 'POODLETOKEN', 'id': '1370707605702729732'}]}",42jeti,"{'followers_count': 159, 'following_count': 2527, 'tweet_count': 6960, 'listed_count': 2}",False,https://twitter.com/42jeti/status/1587641810901356544,159,2527,6960
68,2022-11-02 03:04:39+00:00,1587641810645651458,"@MetaMask Make $1000 in crypto per day using this insane method - https://t.co/uReAjZaJf4
[Watch till END]
#BNB #BNBCHAIN
Free Giveaway ~ https://t.co/8Fc1na4SHe",en,"{'mentions': [{'start': 0, 'end': 9, 'username': 'MetaMask', 'id': '3278906401'}]}",Mouhame82060031,"{'followers_count': 198, 'following_count': 1856, 'tweet_count': 923, 'listed_count': 0}",False,https://twitter.com/Mouhame82060031/status/1587641810645651458,198,1856,923
69,2022-11-02 03:04:39+00:00,1587641810335178752,"#Ethereum price update: 

#ETH $1590.25 USD
#Bitcoin 0.07755115377000286 #BTC

Follow for recent ETH price updates
#altcoin, #cryptocurrency, #crypto",en,,0xEthereumYoda,"{'followers_count': 294, 'following_count': 1, 'tweet_count': 130037, 'listed_count': 1}",False,https://twitter.com/0xEthereumYoda/status/1587641810335178752,294,1,130037
70,2022-11-02 03:04:39+00:00,1587641809697742850,"RT @CriptovalutaI: üí•üí•üí• #Bitcoin #Giveaway 
#Crypto #Halloween üí•üí•üí•

üéÅGift: 0.01 $BTC for winner !

1Ô∏è‚É£Follow @CriptovalutaI &amp; @AlessioIppoli‚Ä¶",en,"{'mentions': [{'start': 3, 'end': 17, 'username': 'CriptovalutaI', 'id': '1383877923195691008'}, {'start': 108, 'end': 122, 'username': 'CriptovalutaI', 'id': '1383877923195691008'}]}",EncryptoKing,"{'followers_count': 1444, 'following_count': 5001, 'tweet_count': 9884, 'listed_count': 4}",False,https://twitter.com/EncryptoKing/status/1587641809697742850,1444,5001,9884
71,2022-11-02 03:04:38+00:00,1587641808716238850,"@Mojo_Crypto_BTC @CredibleCrypto I remember last bull run when people like you were calling for $10,000... well it ended up hitting $440 then crashed all the way back to $40.",en,"{'mentions': [{'start': 0, 'end': 16, 'username': 'Mojo_Crypto_BTC', 'id': '3307664430'}, {'start': 17, 'end': 32, 'username': 'CredibleCrypto', 'id': '944746889194364928'}]}",Divine1z,"{'followers_count': 24, 'following_count': 99, 'tweet_count': 213, 'listed_count': 0}",False,https://twitter.com/Divine1z/status/1587641808716238850,24,99,213
72,2022-11-02 03:04:38+00:00,1587641808644972545,"#BinanceCoin price update: $BNB

#BNB $325.1 USD

#Bitcoin 0.01585 BTC

#Ethereum 0.20443 ETH

#altcoin #crypto #cryptocurrency

Follow for recent BNB price updates",en,,BNB_Tracker,"{'followers_count': 227, 'following_count': 5, 'tweet_count': 69461, 'listed_count': 1}",False,https://twitter.com/BNB_Tracker/status/1587641808644972545,227,5,69461
73,2022-11-02 03:04:38+00:00,1587641808527544325,‚ÄòEl Salvador wants to be part of Turkey‚Äôs growth‚Äô #BIST #BIST30 #BIST100 #BORSA #BORSAISTANBUL #FX #FOREX #STOCKS #STOCKMARKET #USDTRY #EURUSD #OOTT #OIL #XAGUSD #XAUUSD #USD #DOLAR #DOLARTL #BTC #Bitcoin #ElSalvador #Crypto,en,,AizahAlzub93er,"{'followers_count': 74, 'following_count': 215, 'tweet_count': 46, 'listed_count': 0}",False,https://twitter.com/AizahAlzub93er/status/1587641808527544325,74,215,46
74,2022-11-02 03:04:38+00:00,1587641808020209665,charlette_webb_xxx https://t.co/PsCmbFPweD 18+ #BitcoinAcceptedHere #crypto #Cams,fr,,ukadultwebcams,"{'followers_count': 3004, 'following_count': 171, 'tweet_count': 428185, 'listed_count': 45}",False,https://twitter.com/ukadultwebcams/status/1587641808020209665,3004,171,428185
75,2022-11-02 03:04:38+00:00,1587641807722016769,@Bitboy_Crypto My 2 reliable sources tell me you're fucking wack and you're an xrp dick rider.,en,"{'mentions': [{'start': 0, 'end': 14, 'username': 'Bitboy_Crypto', 'id': '954005112174862336'}]}",Mungbeanfrog,"{'followers_count': 1, 'following_count': 25, 'tweet_count': 12, 'listed_count': 0}",False,https://twitter.com/Mungbeanfrog/status/1587641807722016769,1,25,12
76,2022-11-02 03:04:38+00:00,1587641807260770305,@CodyConk @crypto_loni Tub thumping is a great song üòÇ,en,"{'mentions': [{'start': 0, 'end': 9, 'username': 'CodyConk', 'id': '193585360'}, {'start': 10, 'end': 22, 'username': 'crypto_loni', 'id': '1450871066700795904'}]}",tknep3,"{'followers_count': 3888, 'following_count': 3416, 'tweet_count': 34212, 'listed_count': 46}",False,https://twitter.com/tknep3/status/1587641807260770305,3888,3416,34212
77,2022-11-02 03:04:38+00:00,1587641807177154560,ironically all the most theoretically useful crypto projects get no traction because they're probably actually trying to build something which is a lot harder than over promising and under delivering and capitalizing on the mass hysteria,en,,6six0110,"{'followers_count': 3, 'following_count': 39, 'tweet_count': 675, 'listed_count': 0}",False,https://twitter.com/6six0110/status/1587641807177154560,3,39,675
78,2022-11-02 03:04:38+00:00,1587641806661246976,@Crypto_Counsel_ @JasonMc9004359 @MemeTowers Power to the people,en,"{'mentions': [{'start': 0, 'end': 16, 'username': 'Crypto_Counsel_', 'id': '1407132794900422660'}, {'start': 17, 'end': 32, 'username': 'JasonMc9004359', 'id': '1525839156945256448'}, {'start': 33, 'end': 44, 'username': 'MemeTowers', 'id': '1462793333709942805'}]}",bitmaxxi,"{'followers_count': 16, 'following_count': 22, 'tweet_count': 20, 'listed_count': 0}",False,https://twitter.com/bitmaxxi/status/1587641806661246976,16,22,20
79,2022-11-02 03:04:37+00:00,1587641804333072384,"RT @WorldsBeyondNFT: Hey there #NFTCommunitys

Come &amp; join or listen into our @WorldsBeyondNFT AMA

We will be discussing our upcoming 6th‚Ä¶",en,"{'mentions': [{'start': 3, 'end': 19, 'username': 'WorldsBeyondNFT', 'id': '1511362348598112262'}, {'start': 82, 'end': 98, 'username': 'WorldsBeyondNFT', 'id': '1511362348598112262'}]}",fuzzcheek_eth,"{'followers_count': 34, 'following_count': 610, 'tweet_count': 396, 'listed_count': 0}",False,https://twitter.com/fuzzcheek_eth/status/1587641804333072384,34,610,396
80,2022-11-02 03:04:37+00:00,1587641804135968768,"This is awesome project in the world The project Made by a very professional and experienced team.
This is one of the best projects of crypto.
@abmichael25
@DirectorFlow
@iamashkoko https://t.co/Ogpt9QVKH4",en,"{'mentions': [{'start': 143, 'end': 155, 'username': 'abmichael25', 'id': '1440384099441471494'}, {'start': 156, 'end': 169, 'username': 'DirectorFlow', 'id': '1230986073398009858'}, {'start': 170, 'end': 181, 'username': 'iamashkoko', 'id': '386498453'}]}",helmfirthhole,"{'followers_count': 0, 'following_count': 25, 'tweet_count': 58, 'listed_count': 0}",False,https://twitter.com/helmfirthhole/status/1587641804135968768,0,25,58
81,2022-11-02 03:04:37+00:00,1587641803750404097,@crypto_chaya ÊÑüË¨ù„ÅÑ„Åü„ÅôÔºÅÔºÅÔºÅüí™üí™,ja,"{'mentions': [{'start': 0, 'end': 13, 'username': 'crypto_chaya', 'id': '1477658257322045444'}]}",Simizu_wakako,"{'followers_count': 2129, 'following_count': 1343, 'tweet_count': 32888, 'listed_count': 47}",False,https://twitter.com/Simizu_wakako/status/1587641803750404097,2129,1343,32888
82,2022-11-02 03:04:37+00:00,1587641803448020992,This group has been pumping #DOGE $DOGE over the last week. Next week #dogecoin will be at 0.5$! The biggest pump will be on Sunday. Join today https://t.co/H27A98Amy5 https://t.co/9J6amrOmBi #Elon #Crypto #Ripple #Cardano,en,,yak1z0ba,"{'followers_count': 177, 'following_count': 2321, 'tweet_count': 26744, 'listed_count': 1}",False,https://twitter.com/yak1z0ba/status/1587641803448020992,177,2321,26744
83,2022-11-02 03:04:37+00:00,1587641803406077952,"@chirocrypto All you need is 100X gem YAKUZA Inu !!

#YAKUZA #YAKUZAINU #YIN #THEYAKUZAINU #KUZACLAN #YINNERS

@TheCryptoDog @TheCryptoLark @Bitboy_Crypto @CryptoWendyO @crypto_bitlord7 @TheYakuzaInu @Pablo_cro",en,"{'mentions': [{'start': 0, 'end': 12, 'username': 'chirocrypto', 'id': '1222917012780998656'}, {'start': 111, 'end': 124, 'username': 'TheCryptoDog', 'id': '887748030304329728'}, {'start': 125, 'end': 139, 'username': 'TheCryptoLark', 'id': '30325257'}, {'start': 140, 'end': 154, 'username': 'Bitboy_Crypto', 'id': '954005112174862336'}, {'start': 155, 'end': 168, 'username': 'CryptoWendyO', 'id': '935742315389444096'}, {'start': 169, 'end': 185, 'username': 'crypto_bitlord7', 'id': '1343224146658914304'}, {'start': 186, 'end': 199, 'username': 'TheYakuzaInu', 'id': '1584600184029384712'}, {'start': 200, 'end': 210, 'username': 'Pablo_cro', 'id': '751091938309369856'}]}",hanz_eth,"{'followers_count': 10, 'following_count': 47, 'tweet_count': 202, 'listed_count': 2}",False,https://twitter.com/hanz_eth/status/1587641803406077952,10,47,202
84,2022-11-02 03:04:37+00:00,1587641803356123136,"RT @CryptoMarma: $50 || 4 Hours üíú

üü™ RT + Like

üü™ Follow @crypto_with_bex + üîî on",en,"{'mentions': [{'start': 3, 'end': 15, 'username': 'CryptoMarma', 'id': '258179497'}, {'start': 57, 'end': 73, 'username': 'crypto_with_bex', 'id': '1570507308056051712'}]}",VincerePerMe,"{'followers_count': 143, 'following_count': 5000, 'tweet_count': 28180, 'listed_count': 1}",False,https://twitter.com/VincerePerMe/status/1587641803356123136,143,5000,28180
85,2022-11-02 03:04:37+00:00,1587641803095904258,RT @teuzcff44: üö® Fun fact üö®80% of all US dollars in existence were printed in the last 22 months (from $4 trillion in January 2020 to $20 t‚Ä¶,en,"{'mentions': [{'start': 3, 'end': 13, 'username': 'teuzcff44', 'id': '1562574727998492674'}]}",EncryptoKing,"{'followers_count': 1444, 'following_count': 5001, 'tweet_count': 9884, 'listed_count': 4}",False,https://twitter.com/EncryptoKing/status/1587641803095904258,1444,5001,9884
86,2022-11-02 03:04:37+00:00,1587641802898956293,"RT @taskonxyz: üéâDon‚Äôt miss the $ùüèùüé,ùüéùüéùüé BIG #giveaway of our old friend @FBBank_cc, a decentralization #crypto fund! 
 
üéÅ ùüì,ùüéùüéùüé $FB + #TaskO‚Ä¶",en,"{'mentions': [{'start': 3, 'end': 13, 'username': 'taskonxyz', 'id': '1552588328372826113'}, {'start': 71, 'end': 81, 'username': 'FBBank_cc', 'id': '1514200341771862018'}]}",tancam12,"{'followers_count': 2, 'following_count': 122, 'tweet_count': 129, 'listed_count': 0}",False,https://twitter.com/tancam12/status/1587641802898956293,2,122,129
87,2022-11-02 03:04:37+00:00,1587641802752167938,bigcolleged2323 https://t.co/GBcXDyDyfG 18+ #BitcoinAcceptedHere #crypto #Cams,nl,,ukadultwebcams,"{'followers_count': 3004, 'following_count': 171, 'tweet_count': 428185, 'listed_count': 45}",False,https://twitter.com/ukadultwebcams/status/1587641802752167938,3004,171,428185
88,2022-11-02 03:04:37+00:00,1587641802462461952,RT @tHbC8O1: #limoverse #healthfi #movetoearn #move2earn #crypto #web3 #wellnesseconomy ready for magic https://t.co/VRXRVIvZEl,en,"{'mentions': [{'start': 3, 'end': 11, 'username': 'tHbC8O1', 'id': '1561169634866278400'}]}",BrookGeordie,"{'followers_count': 20, 'following_count': 268, 'tweet_count': 33, 'listed_count': 0}",False,https://twitter.com/BrookGeordie/status/1587641802462461952,20,268,33
89,2022-11-02 03:04:37+00:00,1587641802366255104,"Coming from the announcement channel in tellegram, am I still on time? @crowncastleGG @RandomReplyGuy2 @JDeFaZ13 @onioVRTLmchn @Daga11022 @federicokattan @atlasliveact @bruderbuck @o1n9c @stu_vrai_ @LDao_1ONE @crypto_saiyajin https://t.co/JsHAKSSzDm",en,"{'mentions': [{'start': 71, 'end': 85, 'username': 'crowncastleGG', 'id': '1494867374545117185'}, {'start': 86, 'end': 102, 'username': 'RandomReplyGuy2', 'id': '1424477871263866883'}, {'start': 103, 'end': 112, 'username': 'JDeFaZ13', 'id': '786328500559118336'}, {'start': 113, 'end': 126, 'username': 'onioVRTLmchn', 'id': '1054440238729302016'}, {'start': 127, 'end': 137, 'username': 'Daga11022', 'id': '1075886723081605121'}, {'start': 138, 'end': 153, 'username': 'federicokattan', 'id': '20921878'}, {'start': 154, 'end': 167, 'username': 'atlasliveact', 'id': '932380768743157762'}, {'start': 168, 'end': 179, 'username': 'bruderbuck', 'id': '1398332494760624137'}, {'start': 180, 'end': 186, 'username': 'o1n9c', 'id': '1329861414207492096'}, {'start': 187, 'end': 197, 'username': 'stu_vrai_', 'id': '1350998984383455232'}, {'start': 198, 'end': 208, 'username': 'LDao_1ONE', 'id': '1310892968069353472'}, {'start': 209, 'end': 225, 'username': 'crypto_saiyajin', 'id': '1382302056048783366'}]}",Glay50664890,"{'followers_count': 0, 'following_count': 2, 'tweet_count': 37, 'listed_count': 0}",False,https://twitter.com/Glay50664890/status/1587641802366255104,0,2,37
90,2022-11-02 03:04:37+00:00,1587641802143764480,"üí∏ +500 items Dropbox for $10 ONLY! üí∏

üí∏ +500 items Dropbox for $10 ONLY! üí∏

üí∏ +500 items Dropbox for $10 ONLY! üí∏

üí∏ +500 items Dropbox for $10 ONLY! üí∏

Paypal, Binance/Crypto and Amazon GC ‚úÖ

#sellingcontent #nsfwtwt #buyingcontent #buyingpics #sellingnudes",en,,andysdolce,"{'followers_count': 452, 'following_count': 8, 'tweet_count': 586, 'listed_count': 2}",False,https://twitter.com/andysdolce/status/1587641802143764480,452,8,586
91,2022-11-02 03:04:37+00:00,1587641802131374081,Crypto is a pyramid scam that will implode on itself like all the others do.,en,,VviewSsonicMair,"{'followers_count': 7930, 'following_count': 7209, 'tweet_count': 192708, 'listed_count': 64}",False,https://twitter.com/VviewSsonicMair/status/1587641802131374081,7930,7209,192708
92,2022-11-02 03:04:37+00:00,1587641801632092161,"RT @thebearablebull: XRP Is The 4th Largest Crypto &amp; It‚Äôs Still Delisted In The US

Even If You Hate XRP‚Ä¶ That Has To Impress You",en,"{'mentions': [{'start': 3, 'end': 19, 'username': 'thebearablebull', 'id': '1102057144965316611'}]}",jmgarza03,"{'followers_count': 158, 'following_count': 541, 'tweet_count': 1695, 'listed_count': 8}",False,https://twitter.com/jmgarza03/status/1587641801632092161,158,541,1695
93,2022-11-02 03:04:37+00:00,1587641801560686592,*   FIL   *   |   *   Filecoin    *   Crypto - BUY   *   BUY CRYPTO   ELƒ∞OTT INDICATOR   |(   FIL_USDT   BUY   )|_|__   #plausdt   #qnt   #acm   #pundƒ±xusd   #dnt   #mbl   #vthousdt   #ast   #ankr   #nuusd   #alpaca   #hard   #alpƒ±ne   #ankr   #data,en,,TrendsBullBear,"{'followers_count': 248, 'following_count': 3170, 'tweet_count': 16291, 'listed_count': 3}",False,https://twitter.com/TrendsBullBear/status/1587641801560686592,248,3170,16291
94,2022-11-02 03:04:36+00:00,1587641800420130816,"RT @airdropinspect: New airdrop: RamBox (RAM)
Total Reward: $2,000 worth of RAM &amp; 200 WL Spots
Rate: ‚≠êÔ∏è‚≠êÔ∏è‚≠êÔ∏è‚≠êÔ∏è
Winners: 600 Random &amp; Top 40‚Ä¶",en,"{'mentions': [{'start': 3, 'end': 18, 'username': 'airdropinspect', 'id': '1151153768165076992'}]}",KoiBong,"{'followers_count': 17, 'following_count': 488, 'tweet_count': 654, 'listed_count': 0}",False,https://twitter.com/KoiBong/status/1587641800420130816,17,488,654
95,2022-11-02 03:04:36+00:00,1587641799329226753,"RT @Bitboy_Crypto: #RelistXRP

Let‚Äôs get it trending. Like, retweet, and tag @coinbase.

#XRPArmy @ripple #crypto",en,"{'mentions': [{'start': 3, 'end': 17, 'username': 'Bitboy_Crypto', 'id': '954005112174862336'}, {'start': 77, 'end': 86, 'username': 'coinbase', 'id': '574032254'}, {'start': 98, 'end': 105, 'username': 'Ripple', 'id': '1051053836'}]}",asksllmi,"{'followers_count': 55, 'following_count': 682, 'tweet_count': 33, 'listed_count': 0}",False,https://twitter.com/asksllmi/status/1587641799329226753,55,682,33
96,2022-11-02 03:04:36+00:00,1587641798360502272,"@cryptojack @ZombierunnerBSC is a 2D Blockchain P2E game based on the BSC network! üßü

Do you dare to escape from Shiba's Castle?

SAFU | KYC | AUDIT ‚úÖ

FL is liveüî•

Launch:24 hours after Presale 

#ZOMBIE #HALLOWEEN #BSC #BNB #P2E #CRYPTO #Gamefi #Nft 

TG:https://t.co/QQNhWT74Ke https://t.co/9rEbPbpJxy",en,"{'mentions': [{'start': 0, 'end': 11, 'username': 'cryptojack', 'id': '1415997802321256453'}, {'start': 12, 'end': 28, 'username': 'ZombierunnerBSC', 'id': '1585622878233452545'}]}",golde_n521,"{'followers_count': 28, 'following_count': 56, 'tweet_count': 966, 'listed_count': 0}",False,https://twitter.com/golde_n521/status/1587641798360502272,28,56,966
97,2022-11-02 03:04:36+00:00,1587641798129635328,"RT @taskonxyz: üéâDon‚Äôt miss the $ùüèùüé,ùüéùüéùüé BIG #giveaway of our old friend @FBBank_cc, a decentralization #crypto fund! 
 
üéÅ ùüì,ùüéùüéùüé $FB + #TaskO‚Ä¶",en,"{'mentions': [{'start': 3, 'end': 13, 'username': 'taskonxyz', 'id': '1552588328372826113'}, {'start': 71, 'end': 81, 'username': 'FBBank_cc', 'id': '1514200341771862018'}]}",BirthRoberts,"{'followers_count': 4, 'following_count': 191, 'tweet_count': 200, 'listed_count': 0}",False,https://twitter.com/BirthRoberts/status/1587641798129635328,4,191,200
98,2022-11-02 03:04:36+00:00,1587641798092115969,updating and tagging more people tired of these crypto scams @DeanSpiegel97 @SimpKingNFT @JimboSlice222 @abdulaz08413275 @Kowsik5678 @FreeFreakingM @badmonjay202 @mayracsgo @Andreyzinho_xD @Mashaly39 @forthebirds321 @MarcSpector__ @Werzaide @JhTrading22 @boredbkm @StilluseYahoo https://t.co/COs75Fh3UE,en,"{'mentions': [{'start': 61, 'end': 75, 'username': 'DeanSpiegel97', 'id': '1481790702430339082'}, {'start': 76, 'end': 88, 'username': 'SimpKingNFT', 'id': '1481060424242106369'}, {'start': 89, 'end': 103, 'username': 'JimboSlice222', 'id': '430191581'}, {'start': 104, 'end': 120, 'username': 'abdulaz08413275', 'id': '1394635026982215683'}, {'start': 121, 'end': 132, 'username': 'Kowsik5678', 'id': '1396180098361876480'}, {'start': 133, 'end': 147, 'username': 'FreeFreakingM', 'id': '1480308462219403269'}, {'start': 148, 'end': 161, 'username': 'badmonjay202', 'id': '826546725024313344'}, {'start': 162, 'end': 172, 'username': 'mayracsgo', 'id': '1092092510044934145'}, {'start': 173, 'end': 188, 'username': 'Andreyzinho_xD', 'id': '232916235'}, {'start': 189, 'end': 199, 'username': 'Mashaly39', 'id': '1480649478642278412'}, {'start': 200, 'end': 215, 'username': 'forthebirds321', 'id': '1280280077557731330'}, {'start': 216, 'end': 230, 'username': 'MarcSpector__', 'id': '1095165244534599680'}, {'start': 231, 'end': 240, 'username': 'Werzaide', 'id': '746152407780974592'}, {'start': 241, 'end': 253, 'username': 'JhTrading22', 'id': '1481789188026486785'}, {'start': 254, 'end': 263, 'username': 'boredbkm', 'id': '1481791728818565121'}, {'start': 264, 'end': 278, 'username': 'StilluseYahoo', 'id': '1395701737328193538'}]}",CryptoV96984056,"{'followers_count': 0, 'following_count': 3, 'tweet_count': 13, 'listed_count': 0}",False,https://twitter.com/CryptoV96984056/status/1587641798092115969,0,3,13
99,2022-11-02 03:04:36+00:00,1587641797400223745,xxxcockplay https://t.co/QTaUT4No4Z 18+ #BitcoinAcceptedHere #crypto #Cams,en,,ukadultwebcams,"{'followers_count': 3004, 'following_count': 171, 'tweet_count': 428185, 'listed_count': 45}",False,https://twitter.com/ukadultwebcams/status/1587641797400223745,3004,171,428185
